SSN,gender,birthdate,maiden_name,last_name,first_name,address,city,state,zip,phone,email,cc_type,CCN,cc_cvc,cc_expiredate
172-32-1176,m,1958-04-21,Smith,White,Johnson,10932 Bigge Rd,Menlo Park,CA,94025,408 496-7223,jwhite@domain.com,m,5270 4267 6450 5516,123,6/25/2023
514-14-8905,f,1944-12-22,Amaker,Borden,Ashley,4469 Sherman Street,Goff,KS,66428,785-939-6046,aborden@domain.com,m,5370 4638 8881 3020,713,1/2/2024
213-46-8915,f,1958-04-21,Pinson,Green,Marjorie,309 63rd St. #411,Oakland,CA,94618,415 986-7020,mgreen@domain.com,v,4916 9766 5240 6147,258,2/25/2022
524-02-7657,m,1962-03-25,Hall,Munsch,Jerome,2183 Roy Alley,Centennial,CO,80112,303-901-6123,jmunsch@domain.com,m,5180 3807 3679 8221,612,1/3/2023
489-36-8350,m,1964-06-09,Porter,Aragon,Robert,3181 White Oak Drive,Kansas City,MO,66215,816-645-6936,raragon@domain.com,v,4929 3813 3266 4295,911,1/12/2024
514-30-2668,f,1986-05-27,Nicholson,Russell,Jacki,3097 Better Street,Kansas City,MO,66215,913-227-6106,jrussell@domain.com,a,5413 4428 0145 0036,232,1/1/2023
505-88-5714,f,1963-09-23,Mcclain,Venson,Lillian,539 Kyle Street,Wood River,NE,68883,308-583-8759,lvenson@domain.com,d,4916 4811 5814 8111,471,1/12/2024
690-05-5315,m,1969-02-10,Kings,Conley,Thomas,570 Nancy Street,Morrisville,NC,27560,919-656-6779,tconley@domain.com,v,5299 1561 5689 1938,731,1/10/2023
646-44-9061,m,1978-12-01,Kurtz,Jackson,Charles,1074 Small Street,New York,NY,10011,212-847-4915,cjackson@domain.com,m,5218 0144 2703 9266,892,1/11/2024
421-37-1396,f,1980-09-04,Linden,Davis,Susan,4222 Bedford Street,Jasper,AL,35501,205-221-9156,sdavis@domain.com,v,4916 4034 9269 8783,33,1/4/2024
461-97-5660,f,1975-04-01,Kingdon,Watson,Gail,3414 Gore Street,Houston,TX,77002,713-547-3414,gwatson@domain.com,v,4532 1753 6071 1112,694,1/9/2024
660-03-8360,f,1953-11-07,Onwunli,Garrison,Lisa,515 Hillside Drive,Lake Charles,LA,70629,337-965-2982,lgarrison@domain.com,v,4539 5385 7425 5825,680,1/6/2024
751-01-2327,f,1968-06-12,Simpson,Renfro,Julie,4032 Arron Smith Drive,Kaunakakai,HI,96748,808-560-1638,jrenfro@domain.com,m,5325 3256 9519 6624,238,1/3/2022
559-81-1301,m,1952-01-20,Mcafee,Heard,James,2865 Driftwood Road,San Jose,CA,95129,408-370-0031,jheard@domain.com,v,4532 4220 6922 9909,311,1/9/2023
624-84-9181,m,1980-01-16,Frazier,Reyes,Danny,3500 Diane Street,San Luis Obispo,CA,93401,805-369-0464,dreyes@domain.com,v,4532 0065 1968 5602,713,1/11/2022
449-48-3135,m,1982-06-14,Feusier,Hall,Mark,4986 Chapel Street,Houston,TX,77077,281-597-5517,mhall@domain.com,v,4556 0072 1294 7415,953,1/5/2023
477-36-0282,m,1961-10-03,Vasquez,Mceachern,Monte,456 Oral Lake Road,Minneapolis,MN,55401,952-412-3707,mmceachern@domain.com,m,5527 1247 5046 7780,889,1/3/2022
458-02-6124,m,1955-09-22,Pennebaker,Diaz,Christopher,582 Thrash Trail,Dallas,TX,75247,903-624-9156,cdiaz@domain.com,m,5299 1561 5689 1938,584,1/8/2024
044-34-6954,m,1967-05-28,Simpson,Lowe,Tim,1620 Maxwell Street,East Hartford,CT,6108,860-755-0293,tlowe@domain.com,m,5144 8691 2776 1108,616,1/10/2024
587-03-2682,f,1985-10-24,Dickerson,Oyola,Lynette,2489 O Conner Street,Pascagoula,MS,39567,228-938-2056,loyola@domain.com,v,4532 9929 3036 9308,991,1/7/2024
421-90-3440,f,1963-07-17,Kroeger,Morrison,Adriane,4696 Retreat Avenue,Birmingham,AL,35209,205-276-1807,amorrison@domain.com,v,4539 0031 3703 0728,322,1/12/2022
451-80-3526,m,1950-09-06,Parmer,Santos,Thomas,173 Lunetta Street,Fort Worth,TX,76104,940-859-1393,tsantos@domain.com,v,4716 6984 4983 6160,767,1/9/2024
300-62-3266,m,1965-10-02,Spain,Faulkner,Victor,1843 Olive Street,Toledo,OH,43602,419-340-3832,vfaulkner@domain.com,m,5548 0246 6336 5664,276,1/2/2023
322-84-2281,m,1977-08-19,Miley,Iorio,Albert,4899 University Hill Road,Springfield,IL,62701,217-615-6419,aiorio@domain.com,v,4916 6734 7572 5015,347,1/2/2023
465-73-5022,f,1964-06-29,Summers,Kaminski,Teresa,1517 Gambler Lane,Houston,TX,77006,281-906-2148,tkaminski@domain.com,m,5399 0706 4128 0178,721,1/10/2022
612-20-6832,m,1979-08-18,Banas,Edwards,Rick,4254 Walkers Ridge Way,Gardena,CA,90248,626-991-3620,redwards@domain.com,m,5293 8502 0071 3058,701,1/8/2023
687-05-8365,f,1986-05-24,Robbins,Peacock,Stacey,3396 Nancy Street,Raleigh,NC,27612,919-571-2339,speacock@domain.com,m,5495 8602 4508 6804,436,1/2/2024
205-52-0027,f,1950-03-26,Sanford,Nelson,Agnes,4213 High Meadow Lane,Avoca,PA,18641,570-480-8704,anelson@domain.com,m,5413 4428 0145 0036,496,1/2/2023
404-12-2154,f,1984-09-21,Garcia,Townsend,Mireille,2877 Glen Street,Paducah,KY,42003,270-408-7254,mtownsend@domain.com,v,4539 8219 0484 7598,710,1/3/2024
